<?xml version="1.0" encoding="UTF-8"?>
<jcr:root xmlns:sling="http://sling.apache.org/jcr/sling/1.0" xmlns:granite="http://www.adobe.com/jcr/granite/1.0" xmlns:cq="http://www.day.com/jcr/cq/1.0" xmlns:jcr="http://www.jcp.org/jcr/1.0" xmlns:nt="http://www.jcp.org/jcr/nt/1.0"
    jcr:primaryType="sling:Folder">
    <items jcr:primaryType="nt:unstructured">
        <tabs
            jcr:primaryType="nt:unstructured"
            sling:resourceType="granite/ui/components/coral/foundation/tabs"
            size="L">
            <items jcr:primaryType="nt:unstructured">
                <tab1
                    granite:rel="aem-assets-metadata-form-tab"
                    jcr:primaryType="nt:unstructured"
                    jcr:title="Basic"
                    sling:resourceType="granite/ui/components/coral/foundation/container"
                    listOrder="0">
                    <granite:data
                        jcr:primaryType="nt:unstructured"
                        tabid="f84cc8d6-60ab-474e-bdf8-a0b7a434f289"/>
                    <items jcr:primaryType="nt:unstructured">
                        <col1
                            granite:rel="aem-assets-metadata-form-column"
                            jcr:primaryType="nt:unstructured"
                            sling:resourceType="granite/ui/components/coral/foundation/container"
                            listOrder="0">
                            <items jcr:primaryType="nt:unstructured">
                                <header
                                    jcr:primaryType="nt:unstructured"
                                    sling:resourceType="dam/gui/coral/components/admin/schemaforms/formbuilder/sectionfield"
                                    fieldLabel="Metadata">
                                    <granite:data
                                        jcr:primaryType="nt:unstructured"
                                        metaType="section"/>
                                </header>
                                <title
                                    jcr:primaryType="nt:unstructured"
                                    sling:resourceType="granite/ui/components/coral/foundation/form/textfield"
                                    fieldLabel="Title"
                                    name="./jcr:content/metadata/dc:title"
                                    renderReadOnly="true">
                                    <granite:data
                                        jcr:primaryType="nt:unstructured"
                                        metaType="text"/>
                                </title>
                                <description
                                    jcr:primaryType="nt:unstructured"
                                    sling:resourceType="granite/ui/components/coral/foundation/form/textfield"
                                    fieldLabel="Description"
                                    name="./jcr:content/metadata/dc:description"
                                    renderReadOnly="true">
                                    <granite:data
                                        jcr:primaryType="nt:unstructured"
                                        metaType="text"/>
                                </description>
                                <format
                                    jcr:primaryType="nt:unstructured"
                                    sling:resourceType="granite/ui/components/coral/foundation/form/textfield"
                                    disabled="{Boolean}true"
                                    fieldLabel="Type"
                                    name="./jcr:content/metadata/dc:format"
                                    renderReadOnly="true">
                                    <granite:data
                                        jcr:primaryType="nt:unstructured"
                                        metaType="text"/>
                                </format>
                                <language
                                    jcr:primaryType="nt:unstructured"
                                    sling:resourceType="granite/ui/components/coral/foundation/form/select"
                                    fieldLabel="Language"
                                    name="./jcr:content/metadata/dc:language"
                                    ordered="true"
                                    renderReadOnly="true">
                                    <granite:data
                                        jcr:primaryType="nt:unstructured"
                                        metaType="dropdown"/>
                                    <items jcr:primaryType="nt:unstructured">
                                        <none
                                            jcr:primaryType="nt:unstructured"
                                            selected="{Boolean}true"/>
                                        <ar_tn
                                            jcr:primaryType="nt:unstructured"
                                            text="Arabic (Tunisia)"
                                            value="ar_tn"/>
                                        <ar_ye
                                            jcr:primaryType="nt:unstructured"
                                            text="Arabic (Yemen)"
                                            value="ar_ye"/>
                                        <be_by
                                            jcr:primaryType="nt:unstructured"
                                            text="Belorussian (Belorussia)"
                                            value="be_by"/>
                                        <bg_bg
                                            jcr:primaryType="nt:unstructured"
                                            text="Bulgarian (Bulgaria)"
                                            value="bg_bg"/>
                                        <ca_es
                                            jcr:primaryType="nt:unstructured"
                                            text="Catalan (Spain)"
                                            value="ca_es"/>
                                        <cs_cz
                                            jcr:primaryType="nt:unstructured"
                                            text="Czech (Czech Republic)"
                                            value="cs_cz"/>
                                        <da_dk
                                            jcr:primaryType="nt:unstructured"
                                            text="Danish (Denmark)"
                                            value="da_dk"/>
                                        <de
                                            jcr:primaryType="nt:unstructured"
                                            text="German"
                                            value="de"/>
                                        <de_at
                                            jcr:primaryType="nt:unstructured"
                                            text="German (Austria)"
                                            value="de_at"/>
                                        <de_ch
                                            jcr:primaryType="nt:unstructured"
                                            text="German (Switzerland)"
                                            value="de_ch"/>
                                        <de_de
                                            jcr:primaryType="nt:unstructured"
                                            text="German (Germany)"
                                            value="de_de"/>
                                        <de_lu
                                            jcr:primaryType="nt:unstructured"
                                            text="German (Luxembourg)"
                                            value="de_lu"/>
                                        <el_gr
                                            jcr:primaryType="nt:unstructured"
                                            text="Greek (Greece)"
                                            value="el_gr"/>
                                        <en
                                            jcr:primaryType="nt:unstructured"
                                            text="English"
                                            value="en"/>
                                        <en_au
                                            jcr:primaryType="nt:unstructured"
                                            text="English (Australia)"
                                            value="en_au"/>
                                        <en_ca
                                            jcr:primaryType="nt:unstructured"
                                            text="English (Canada)"
                                            value="en_ca"/>
                                        <en_gb
                                            jcr:primaryType="nt:unstructured"
                                            text="English (United Kingdom)"
                                            value="en_gb"/>
                                        <en_ie
                                            jcr:primaryType="nt:unstructured"
                                            text="English (Ireland)"
                                            value="en_ie"/>
                                        <en_in
                                            jcr:primaryType="nt:unstructured"
                                            text="English (India)"
                                            value="en_in"/>
                                        <en_nz
                                            jcr:primaryType="nt:unstructured"
                                            text="English (New Zealand)"
                                            value="en_nz"/>
                                        <en_us
                                            jcr:primaryType="nt:unstructured"
                                            text="English (United States)"
                                            value="en_us"/>
                                        <en_za
                                            jcr:primaryType="nt:unstructured"
                                            text="English (South Africa)"
                                            value="en_za"/>
                                        <es
                                            jcr:primaryType="nt:unstructured"
                                            text="Spanish"
                                            value="es"/>
                                        <es_ar
                                            jcr:primaryType="nt:unstructured"
                                            text="Spanish (Argentina)"
                                            value="es_ar"/>
                                        <es_bo
                                            jcr:primaryType="nt:unstructured"
                                            text="Spanish (Bolivia)"
                                            value="es_bo"/>
                                        <es_cl
                                            jcr:primaryType="nt:unstructured"
                                            text="Spanish (Chile)"
                                            value="es_cl"/>
                                        <es_co
                                            jcr:primaryType="nt:unstructured"
                                            text="Spanish (Colombia)"
                                            value="es_co"/>
                                        <es_cr
                                            jcr:primaryType="nt:unstructured"
                                            text="Spanish (Costa Rica)"
                                            value="es_cr"/>
                                        <es_do
                                            jcr:primaryType="nt:unstructured"
                                            text="Spanish (Dominican Republic)"
                                            value="es_do"/>
                                        <es_ec
                                            jcr:primaryType="nt:unstructured"
                                            text="Spanish (Ecuador)"
                                            value="es_ec"/>
                                        <es_es
                                            jcr:primaryType="nt:unstructured"
                                            text="Spanish (Spain)"
                                            value="es_es"/>
                                        <es_gt
                                            jcr:primaryType="nt:unstructured"
                                            text="Spanish (Guatemala)"
                                            value="es_gt"/>
                                        <es_hn
                                            jcr:primaryType="nt:unstructured"
                                            text="Spanish (Honduras)"
                                            value="es_hn"/>
                                        <es_mx
                                            jcr:primaryType="nt:unstructured"
                                            text="Spanish (Mexico)"
                                            value="es_mx"/>
                                        <es_ni
                                            jcr:primaryType="nt:unstructured"
                                            text="Spanish (Nicaragua)"
                                            value="es_ni"/>
                                        <es_pa
                                            jcr:primaryType="nt:unstructured"
                                            text="Spanish (Panama)"
                                            value="es_pa"/>
                                        <es_pe
                                            jcr:primaryType="nt:unstructured"
                                            text="Spanish (Peru)"
                                            value="es_pe"/>
                                        <es_pr
                                            jcr:primaryType="nt:unstructured"
                                            text="Spanish (Puerto Rico)"
                                            value="es_pr"/>
                                        <es_py
                                            jcr:primaryType="nt:unstructured"
                                            text="Spanish (Paraguay)"
                                            value="es_py"/>
                                        <es_sv
                                            jcr:primaryType="nt:unstructured"
                                            text="Spanish (El Salvador)"
                                            value="es_sv"/>
                                        <es_uy
                                            jcr:primaryType="nt:unstructured"
                                            text="Spanish (Uruguay)"
                                            value="es_uy"/>
                                        <es_ve
                                            jcr:primaryType="nt:unstructured"
                                            text="Spanish (Venezuela)"
                                            value="es_ve"/>
                                        <et_ee
                                            jcr:primaryType="nt:unstructured"
                                            text="Estonian (Estonia)"
                                            value="et_ee"/>
                                        <fi_fi
                                            jcr:primaryType="nt:unstructured"
                                            text="Finnish (Finland)"
                                            value="fi_fi"/>
                                        <fr
                                            jcr:primaryType="nt:unstructured"
                                            text="French"
                                            value="fr"/>
                                        <fr_be
                                            jcr:primaryType="nt:unstructured"
                                            text="French (Belgium)"
                                            value="fr_be"/>
                                        <fr_ca
                                            jcr:primaryType="nt:unstructured"
                                            text="French (Canada)"
                                            value="fr_ca"/>
                                        <fr_ch
                                            jcr:primaryType="nt:unstructured"
                                            text="French (Switzerland)"
                                            value="fr_ch"/>
                                        <fr_fr
                                            jcr:primaryType="nt:unstructured"
                                            text="French (France)"
                                            value="fr_fr"/>
                                        <fr_lu
                                            jcr:primaryType="nt:unstructured"
                                            text="French (Luxembourg)"
                                            value="fr_lu"/>
                                        <hi_in
                                            jcr:primaryType="nt:unstructured"
                                            text="Hindi (India)"
                                            value="hi_in"/>
                                        <hr_hr
                                            jcr:primaryType="nt:unstructured"
                                            text="Croatian (Croatia)"
                                            value="hr_hr"/>
                                        <hu_hu
                                            jcr:primaryType="nt:unstructured"
                                            text="Hungarian (Hungary)"
                                            value="hu_hu"/>
                                        <is_is
                                            jcr:primaryType="nt:unstructured"
                                            text="Icelandic (Iceland)"
                                            value="is_is"/>
                                        <it
                                            jcr:primaryType="nt:unstructured"
                                            text="Italian"
                                            value="it"/>
                                        <it_ch
                                            jcr:primaryType="nt:unstructured"
                                            text="Italian (Switzerland)"
                                            value="it_ch"/>
                                        <it_it
                                            jcr:primaryType="nt:unstructured"
                                            text="Italian (Italy)"
                                            value="it_it"/>
                                        <iw_il
                                            jcr:primaryType="nt:unstructured"
                                            text="Hebrew (Israel)"
                                            value="iw_il"/>
                                        <ja
                                            jcr:primaryType="nt:unstructured"
                                            text="Japanese"
                                            value="ja"/>
                                        <ja_jp
                                            jcr:primaryType="nt:unstructured"
                                            text="Japanese (Japan)"
                                            value="ja_jp"/>
                                        <ko_kr
                                            jcr:primaryType="nt:unstructured"
                                            text="Korean (South Korea)"
                                            value="ko_kr"/>
                                        <lt_lt
                                            jcr:primaryType="nt:unstructured"
                                            text="Lithuanian (Lithuania)"
                                            value="lt_lt"/>
                                        <lv_lv
                                            jcr:primaryType="nt:unstructured"
                                            text="Latvian (Latvia)"
                                            value="lv_lv"/>
                                        <mk_mk
                                            jcr:primaryType="nt:unstructured"
                                            text="Macedonian (Macedonia)"
                                            value="mk_mk"/>
                                        <nl_be
                                            jcr:primaryType="nt:unstructured"
                                            text="Dutch (Belgium)"
                                            value="nl_be"/>
                                        <nl_nl
                                            jcr:primaryType="nt:unstructured"
                                            text="Dutch (Netherlands)"
                                            value="nl_nl"/>
                                        <no_no
                                            jcr:primaryType="nt:unstructured"
                                            text="Norwegian (Bokmål) (Norway)"
                                            value="no_no"/>
                                        <no_no_ny
                                            jcr:primaryType="nt:unstructured"
                                            text="Norwegian (Nynorsk) (Norway)"
                                            value="no_no_ny"/>
                                        <pl_pl
                                            jcr:primaryType="nt:unstructured"
                                            text="Polish (Poland)"
                                            value="pl_pl"/>
                                        <pt
                                            jcr:primaryType="nt:unstructured"
                                            text="Portuguese"
                                            value="pt"/>
                                        <pt_br
                                            jcr:primaryType="nt:unstructured"
                                            text="Portuguese (Brazil)"
                                            value="pt_br"/>
                                        <pt_pt
                                            jcr:primaryType="nt:unstructured"
                                            text="Portuguese (Portugal)"
                                            value="pt_pt"/>
                                        <ro_ro
                                            jcr:primaryType="nt:unstructured"
                                            text="Romanian (Romania)"
                                            value="ro_ro"/>
                                        <ru
                                            jcr:primaryType="nt:unstructured"
                                            text="Russian"
                                            value="ru"/>
                                        <ru_ru
                                            jcr:primaryType="nt:unstructured"
                                            text="Russian (Russia)"
                                            value="ru_ru"/>
                                        <sh_yu
                                            jcr:primaryType="nt:unstructured"
                                            text="Serbo-Croatian (Yugoslavia)"
                                            value="sh_yu"/>
                                        <sk_sk
                                            jcr:primaryType="nt:unstructured"
                                            text="Slovak (Slovakia)"
                                            value="sk_sk"/>
                                        <sl_si
                                            jcr:primaryType="nt:unstructured"
                                            text="Slovenian (Slovenia)"
                                            value="sl_si"/>
                                        <sq_al
                                            jcr:primaryType="nt:unstructured"
                                            text="Albanian (Albania)"
                                            value="sq_al"/>
                                        <sr_yu
                                            jcr:primaryType="nt:unstructured"
                                            text="Serbian (Cyrillic) (Yugoslavia)"
                                            value="sr_yu"/>
                                        <sv
                                            jcr:primaryType="nt:unstructured"
                                            text="Swedish"
                                            value="sv"/>
                                        <sv_se
                                            jcr:primaryType="nt:unstructured"
                                            text="Swedish (Sweden)"
                                            value="sv_se"/>
                                        <th_th
                                            jcr:primaryType="nt:unstructured"
                                            text="Thai (Western digits) (Thailand)"
                                            value="th_th"/>
                                        <th_th_th
                                            jcr:primaryType="nt:unstructured"
                                            text="Thai (Thai digits) (Thailand)"
                                            value="th_th_th"/>
                                        <tr_tr
                                            jcr:primaryType="nt:unstructured"
                                            text="Turkish (Turkey)"
                                            value="tr_tr"/>
                                        <uk_ua
                                            jcr:primaryType="nt:unstructured"
                                            text="Ukrainian (Ukraine)"
                                            value="uk_ua"/>
                                        <zh
                                            jcr:primaryType="nt:unstructured"
                                            text="Chinese (Simplified)"
                                            value="zh"/>
                                        <zh_cn
                                            jcr:primaryType="nt:unstructured"
                                            text="Simplified Chinese (China)"
                                            value="zh_cn"/>
                                        <zh_hk
                                            jcr:primaryType="nt:unstructured"
                                            text="Chinese (Hong Kong)"
                                            value="zh_hk"/>
                                        <zh_tw
                                            jcr:primaryType="nt:unstructured"
                                            text="Chinese (Taiwan)"
                                            value="zh_tw"/>
                                    </items>
                                </language>
                                <tags
                                    cq:showOnCreate="{Boolean}true"
                                    jcr:primaryType="nt:unstructured"
                                    sling:resourceType="cq/gui/components/common/tagspicker"
                                    allowCreate="{Boolean}true"
                                    cq-msm-lockable="cq:tags"
                                    fieldLabel="Tags"
                                    metaType="tags"
                                    name="./jcr:content/metadata/cq:tags"
                                    renderReadOnly="{Boolean}true"/>
                                <autotags
                                    cq:showOnCreate="{Boolean}true"
                                    jcr:primaryType="nt:unstructured"
                                    sling:resourceType="dam/gui/coral/components/admin/autotag"
                                    allowCreate="{Boolean}true"
                                    disabled="{Boolean}true"
                                    fieldLabel="Smart Tags (Prediction Confidence 0-100)"
                                    metaType="autotags"
                                    name="./jcr:content/metadata/predictedTags"
                                    renderReadOnly="{Boolean}true">
                                    <granite:rendercondition
                                        jcr:primaryType="nt:unstructured"
                                        sling:resourceType="dam/gui/coral/components/admin/autotag/autotagrendercondition"/>
                                </autotags>
                                <creation
                                    jcr:primaryType="nt:unstructured"
                                    sling:resourceType="granite/ui/components/coral/foundation/form/datepicker"
                                    disabled="{Boolean}true"
                                    displayedFormat="YYYY-MM-DD HH:mm"
                                    fieldLabel="Created"
                                    name="./jcr:created"
                                    renderReadOnly="true"
                                    type="datetime">
                                    <granite:data
                                        jcr:primaryType="nt:unstructured"
                                        metaType="datepicker"
                                        typeHint="Date"/>
                                </creation>
                                <creatortool
                                    jcr:primaryType="nt:unstructured"
                                    sling:resourceType="granite/ui/components/coral/foundation/form/textfield"
                                    fieldLabel="Creator Tool"
                                    name="./jcr:content/metadata/xmp:CreatorTool"
                                    renderReadOnly="true">
                                    <granite:data
                                        jcr:primaryType="nt:unstructured"
                                        metaType="text"/>
                                </creatortool>
                            </items>
                        </col1>
                        <col2
                            granite:rel="aem-assets-metadata-form-column"
                            jcr:primaryType="nt:unstructured"
                            sling:resourceType="granite/ui/components/coral/foundation/container"
                            listOrder="1">
                            <items jcr:primaryType="nt:unstructured">
                                <header
                                    jcr:primaryType="nt:unstructured"
                                    sling:resourceType="dam/gui/coral/components/admin/schemaforms/formbuilder/sectionfield"
                                    fieldLabel="Scheduled (de)activation">
                                    <granite:data
                                        jcr:primaryType="nt:unstructured"
                                        metaType="section"/>
                                </header>
                                <ontime
                                    jcr:primaryType="nt:unstructured"
                                    sling:resourceType="granite/ui/components/coral/foundation/form/datepicker"
                                    displayedFormat="YYYY-MM-DD HH:mm"
                                    fieldLabel="On Time"
                                    name="./jcr:content/onTime"
                                    renderReadOnly="true"
                                    type="datetime">
                                    <granite:data
                                        jcr:primaryType="nt:unstructured"
                                        metaType="datepicker"
                                        typeHint="Date"/>
                                </ontime>
                                <offime
                                    jcr:primaryType="nt:unstructured"
                                    sling:resourceType="granite/ui/components/coral/foundation/form/datepicker"
                                    displayedFormat="YYYY-MM-DD HH:mm"
                                    fieldLabel="Off Time"
                                    name="./jcr:content/offTime"
                                    renderReadOnly="true"
                                    type="datetime">
                                    <granite:data
                                        jcr:primaryType="nt:unstructured"
                                        metaType="datepicker"
                                        typeHint="Date"/>
                                </offime>
                            </items>
                            <jcr:content jcr:primaryType="nt:unstructured"/>
                        </col2>
                        <col3
                            granite:rel="aem-assets-metadata-form-column"
                            jcr:primaryType="nt:unstructured"
                            sling:resourceType="granite/ui/components/coral/foundation/container"
                            listOrder="2">
                            <items jcr:primaryType="nt:unstructured">
                                <header
                                    jcr:primaryType="nt:unstructured"
                                    sling:resourceType="dam/gui/coral/components/admin/schemaforms/formbuilder/sectionfield"
                                    class="hide-in-bulkeditor"
                                    fieldLabel="References">
                                    <granite:data
                                        jcr:primaryType="nt:unstructured"
                                        metaType="section"/>
                                </header>
                                <references
                                    jcr:primaryType="nt:unstructured"
                                    sling:resourceType="dam/gui/components/admin/references"
                                    fieldLabel="Referenced By">
                                    <granite:data
                                        jcr:primaryType="nt:unstructured"
                                        metaType="reference"/>
                                </references>
                                <referencing
                                    jcr:primaryType="nt:unstructured"
                                    sling:resourceType="dam/gui/components/admin/references"
                                    fieldLabel="Dependencies">
                                    <granite:data
                                        jcr:primaryType="nt:unstructured"
                                        metaType="reference"/>
                                </referencing>
                            </items>
                        </col3>
                    </items>
                </tab1>
                <tab2
                    granite:rel="aem-assets-metadata-form-tab"
                    jcr:primaryType="nt:unstructured"
                    jcr:title="Advanced"
                    sling:resourceType="granite/ui/components/coral/foundation/container"
                    listOrder="1">
                    <granite:data
                        jcr:primaryType="nt:unstructured"
                        tabid="7c927721-1473-492f-b949-4fa2f82a32a0"/>
                    <items jcr:primaryType="nt:unstructured">
                        <col1
                            granite:rel="aem-assets-metadata-form-column"
                            jcr:primaryType="nt:unstructured"
                            sling:resourceType="granite/ui/components/coral/foundation/container"
                            listOrder="0">
                            <items jcr:primaryType="nt:unstructured">
                                <header
                                    jcr:primaryType="nt:unstructured"
                                    sling:resourceType="dam/gui/coral/components/admin/schemaforms/formbuilder/sectionfield"
                                    fieldLabel="License">
                                    <granite:data
                                        jcr:primaryType="nt:unstructured"
                                        metaType="section"/>
                                </header>
                                <creator
                                    jcr:primaryType="nt:unstructured"
                                    sling:resourceType="granite/ui/components/coral/foundation/form/textfield"
                                    fieldLabel="Creator"
                                    name="./jcr:content/metadata/dc:creator"
                                    renderReadOnly="true">
                                    <granite:data
                                        jcr:primaryType="nt:unstructured"
                                        metaType="text"/>
                                </creator>
                                <contributor
                                    jcr:primaryType="nt:unstructured"
                                    sling:resourceType="granite/ui/components/coral/foundation/form/textfield"
                                    fieldLabel="Contributor"
                                    name="./jcr:content/metadata/dc:contributor"
                                    renderReadOnly="true">
                                    <granite:data
                                        jcr:primaryType="nt:unstructured"
                                        metaType="text"/>
                                </contributor>
                                <copyright
                                    jcr:primaryType="nt:unstructured"
                                    sling:resourceType="granite/ui/components/coral/foundation/form/textfield"
                                    fieldLabel="Copyright"
                                    name="./jcr:content/metadata/dc:rights"
                                    renderReadOnly="true">
                                    <granite:data
                                        jcr:primaryType="nt:unstructured"
                                        metaType="text"/>
                                </copyright>
                                <copyrightowner
                                    jcr:primaryType="nt:unstructured"
                                    sling:resourceType="granite/ui/components/coral/foundation/form/textfield"
                                    fieldLabel="Copyright Owner"
                                    name="./jcr:content/metadata/xmpRights:Owner"
                                    renderReadOnly="true">
                                    <granite:data
                                        jcr:primaryType="nt:unstructured"
                                        metaType="text"/>
                                </copyrightowner>
                                <usageterms
                                    jcr:primaryType="nt:unstructured"
                                    sling:resourceType="granite/ui/components/coral/foundation/form/textfield"
                                    fieldLabel="Usage Terms"
                                    name="./jcr:content/metadata/xmpRights:UsageTerms"
                                    renderReadOnly="true">
                                    <granite:data
                                        jcr:primaryType="nt:unstructured"
                                        metaType="text"/>
                                </usageterms>
                                <expires
                                    jcr:primaryType="nt:unstructured"
                                    sling:resourceType="granite/ui/components/coral/foundation/form/datepicker"
                                    displayedFormat="YYYY-MM-DD HH:mm"
                                    fieldLabel="Expires"
                                    minDate="today"
                                    name="./jcr:content/metadata/prism:expirationDate"
                                    renderReadOnly="true"
                                    type="datetime">
                                    <granite:data
                                        jcr:primaryType="nt:unstructured"
                                        metaType="datepicker"
                                        typeHint="Date"/>
                                </expires>
                                <id
                                    jcr:primaryType="nt:unstructured"
                                    sling:resourceType="granite/ui/components/coral/foundation/form/textfield"
                                    disabled="{Boolean}true"
                                    fieldLabel="ID"
                                    name="./jcr:uuid"
                                    renderReadOnly="true">
                                    <granite:data
                                        jcr:primaryType="nt:unstructured"
                                        metaType="text"/>
                                </id>
                            </items>
                            <jcr:content jcr:primaryType="nt:unstructured">
                                <metadata jcr:primaryType="nt:unstructured"/>
                            </jcr:content>
                        </col1>
                        <col2
                            granite:rel="aem-assets-metadata-form-column"
                            jcr:primaryType="nt:unstructured"
                            sling:resourceType="granite/ui/components/coral/foundation/container"
                            listOrder="1">
                            <items jcr:primaryType="nt:unstructured">
                                <rating
                                    jcr:primaryType="nt:unstructured"
                                    sling:resourceType="dam/gui/coral/components/admin/rating"
                                    fieldLabel="Rating">
                                    <granite:data
                                        jcr:primaryType="nt:unstructured"
                                        metaType="assetrating"/>
                                </rating>
                            </items>
                        </col2>
                        <col3
                            granite:rel="aem-assets-metadata-form-column"
                            jcr:primaryType="nt:unstructured"
                            sling:resourceType="granite/ui/components/coral/foundation/container"
                            listOrder="2"/>
                    </items>
                </tab2>
                <tab3
                    granite:rel="aem-assets-metadata-form-tab"
                    jcr:primaryType="nt:unstructured"
                    jcr:title="Brightcove"
                    sling:resourceType="granite/ui/components/coral/foundation/container"
                    listOrder="2">
                    <granite:data
                        jcr:primaryType="nt:unstructured"
                        tabid="e445e6bf-6bf8-436b-a069-ac0dc7cbda1b"/>
                    <items jcr:primaryType="nt:unstructured">
                        <col1
                            granite:rel="aem-assets-metadata-form-column"
                            jcr:primaryType="nt:unstructured"
                            sling:resourceType="granite/ui/components/coral/foundation/container"
                            listOrder="0">
                            <items jcr:primaryType="nt:unstructured">
                                <_x0031_498494794917
                                    jcr:primaryType="nt:unstructured"
                                    sling:resourceType="granite/ui/components/coral/foundation/form/textfield"
                                    fieldLabel="Title"
                                    name="./jcr:content/metadata/brc_name"
                                    renderReadOnly="true">
                                    <granite:data
                                        jcr:primaryType="nt:unstructured"
                                        metaType="text"/>
                                </_x0031_498494794917>
                                <_x0031_498494825470
                                    jcr:primaryType="nt:unstructured"
                                    sling:resourceType="granite/ui/components/coral/foundation/form/textfield"
                                    fieldLabel="Last Updated"
                                    name="./jcr:content/metadata/brc_updated_at"
                                    renderReadOnly="true">
                                    <granite:data
                                        jcr:primaryType="nt:unstructured"
                                        metaType="text"/>
                                </_x0031_498494825470>
                                <_x0031_498495036278
                                    jcr:primaryType="nt:unstructured"
                                    sling:resourceType="granite/ui/components/coral/foundation/form/textfield"
                                    fieldLabel="Link to Related Item"
                                    name="./jcr:content/metadata/brc_link/url"
                                    renderReadOnly="true">
                                    <granite:data
                                        jcr:primaryType="nt:unstructured"
                                        metaType="text"/>
                                </_x0031_498495036278>
                                <_x0031_498495230730
                                    jcr:primaryType="nt:unstructured"
                                    sling:resourceType="granite/ui/components/coral/foundation/form/textfield"
                                    fieldLabel="Reference ID"
                                    name="./jcr:content/metadata/brc_reference_id"
                                    renderReadOnly="true">
                                    <granite:data
                                        jcr:primaryType="nt:unstructured"
                                        metaType="text"/>
                                </_x0031_498495230730>
                            </items>
                        </col1>
                        <col2
                            granite:rel="aem-assets-metadata-form-column"
                            jcr:primaryType="nt:unstructured"
                            sling:resourceType="granite/ui/components/coral/foundation/container"
                            listOrder="1">
                            <items jcr:primaryType="nt:unstructured">
                                <_x0031_498494860451
                                    jcr:primaryType="nt:unstructured"
                                    sling:resourceType="granite/ui/components/coral/foundation/form/textfield"
                                    fieldLabel="Date Published"
                                    name="./jcr:content/metadata/brc_created_at"
                                    renderReadOnly="true">
                                    <granite:data
                                        jcr:primaryType="nt:unstructured"
                                        metaType="text"/>
                                </_x0031_498494860451>
                                <_x0031_498495056835
                                    jcr:primaryType="nt:unstructured"
                                    sling:resourceType="granite/ui/components/coral/foundation/form/textfield"
                                    fieldLabel="Text for Related Item"
                                    name="./jcr:content/metadata/brc_link/text"
                                    renderReadOnly="true">
                                    <granite:data
                                        jcr:primaryType="nt:unstructured"
                                        metaType="text"/>
                                </_x0031_498495056835>
                                <_x0031_498494879677
                                    jcr:primaryType="nt:unstructured"
                                    sling:resourceType="granite/ui/components/coral/foundation/form/textfield"
                                    fieldLabel="Duration"
                                    name="./jcr:content/metadata/brc_duration"
                                    renderReadOnly="true">
                                    <granite:data
                                        jcr:primaryType="nt:unstructured"
                                        metaType="text"/>
                                </_x0031_498494879677>
                            </items>
                        </col2>
                        <col3
                            granite:rel="aem-assets-metadata-form-column"
                            jcr:primaryType="nt:unstructured"
                            sling:resourceType="granite/ui/components/coral/foundation/container"
                            listOrder="2">
                            <items jcr:primaryType="nt:unstructured">
                                <_x0031_498494919689
                                    jcr:primaryType="nt:unstructured"
                                    sling:resourceType="granite/ui/components/coral/foundation/form/textfield"
                                    fieldLabel="Video ID"
                                    name="./jcr:content/metadata/brc_id"
                                    renderReadOnly="true">
                                    <granite:data
                                        jcr:primaryType="nt:unstructured"
                                        metaType="text"/>
                                </_x0031_498494919689>
                                <_x0031_498494946820
                                    jcr:primaryType="nt:unstructured"
                                    sling:resourceType="granite/ui/components/coral/foundation/form/textfield"
                                    fieldLabel="Short Description"
                                    name="./jcr:content/metadata/brc_description"
                                    renderReadOnly="true">
                                    <granite:data
                                        jcr:primaryType="nt:unstructured"
                                        metaType="text"/>
                                </_x0031_498494946820>
                                <_x0031_498495107061
                                    jcr:primaryType="nt:unstructured"
                                    sling:resourceType="granite/ui/components/coral/foundation/form/select"
                                    fieldLabel="Economics"
                                    name="./jcr:content/metadata/brc_economics"
                                    renderReadOnly="true">
                                    <granite:data
                                        jcr:primaryType="nt:unstructured"
                                        metaType="dropdown"/>
                                    <items jcr:primaryType="nt:unstructured">
                                        <_x0031_498495149903
                                            jcr:primaryType="nt:unstructured"
                                            text="Ad Enabled"
                                            value="enabled"/>
                                        <_x0031_498495196007
                                            jcr:primaryType="nt:unstructured"
                                            text="Ad Disabled"
                                            value="disabled"/>
                                    </items>
                                </_x0031_498495107061>
                            </items>
                        </col3>
                    </items>
                </tab3>
            </items>
        </tabs>
    </items>
</jcr:root>
