<?xml version="1.0" encoding="UTF-8"?>
<jcr:root xmlns:sling="http://sling.apache.org/jcr/sling/1.0" xmlns:granite="http://www.adobe.com/jcr/granite/1.0" xmlns:cq="http://www.day.com/jcr/cq/1.0" xmlns:jcr="http://www.jcp.org/jcr/1.0" xmlns:nt="http://www.jcp.org/jcr/nt/1.0" xmlns:rep="internal"
          jcr:primaryType="nt:unstructured"
          jcr:title="Page"
          sling:resourceType="cq/gui/components/authoring/dialog"
          extraClientlibs="[cq.common.wcm,cq.siteadmin.admin.properties]"
          mode="edit">
    <content
            jcr:primaryType="nt:unstructured"
            sling:resourceType="granite/ui/components/foundation/container"
            class="cq-dialog-content-page">
        <items jcr:primaryType="nt:unstructured">
            <tabs
                    jcr:primaryType="nt:unstructured"
                    sling:resourceType="granite/ui/components/foundation/container"
                    rel="cq-siteadmin-admin-properties-tabs">
                <layout
                        jcr:primaryType="nt:unstructured"
                        sling:resourceType="granite/ui/components/foundation/layouts/tabs"
                        type="nav"/>
                <items jcr:primaryType="nt:unstructured">
                    <basic
                            jcr:primaryType="nt:unstructured"
                            jcr:title="Basic"
                            sling:resourceType="granite/ui/components/foundation/section">
                        <layout
                                jcr:primaryType="nt:unstructured"
                                sling:resourceType="granite/ui/components/foundation/layouts/fixedcolumns"
                                margin="{Boolean}false"/>
                        <items jcr:primaryType="nt:unstructured">
                            <column
                                    jcr:primaryType="nt:unstructured"
                                    sling:resourceType="granite/ui/components/foundation/container">
                                <items jcr:primaryType="nt:unstructured">
                                    <title
                                            jcr:primaryType="nt:unstructured"
                                            jcr:title="Title and Description"
                                            sling:resourceType="granite/ui/components/foundation/form/fieldset">
                                        <items jcr:primaryType="nt:unstructured">
                                            <title
                                                    jcr:primaryType="nt:unstructured"
                                                    sling:resourceType="granite/ui/components/coral/foundation/form/textfield"
                                                    cq-msm-lockable="jcr:title"
                                                    fieldLabel="Title"
                                                    name="./jcr:title"
                                                    renderReadOnly="{Boolean}true"
                                                    required="{Boolean}true"/>
                                            <description
                                                    jcr:primaryType="nt:unstructured"
                                                    sling:resourceType="granite/ui/components/foundation/form/textarea"
                                                    allowBulkEdit="{Boolean}true"
                                                    cq-msm-lockable="jcr:description"
                                                    fieldLabel="Description"
                                                    name="./jcr:description"
                                                    renderReadOnly="{Boolean}true"/>
                                            <hideinnav
                                                    jcr:primaryType="nt:unstructured"
                                                    sling:resourceType="granite/ui/components/foundation/form/checkbox"
                                                    allowBulkEdit="{Boolean}true"
                                                    cq-msm-lockable="hideInNav"
                                                    name="./hideInNav"
                                                    renderReadOnly="{Boolean}true"
                                                    text="Hide in Navigation"
                                                    value="true"/>
                                        </items>
                                    </title>
                                </items>
                            </column>
                        </items>
                    </basic>
                    <brightcove
                            jcr:primaryType="nt:unstructured"
                            jcr:title="Brightcove"
                            sling:resourceType="granite/ui/components/foundation/section">
                        <layout
                                jcr:primaryType="nt:unstructured"
                                sling:resourceType="granite/ui/components/foundation/layouts/fixedcolumns"
                                margin="{Boolean}false"/>
                        <items jcr:primaryType="nt:unstructured">
                            <title
                                    jcr:primaryType="nt:unstructured"
                                    jcr:title="Player Configuration"
                                    sling:resourceType="granite/ui/components/foundation/form/fieldset">
                                <items jcr:primaryType="nt:unstructured">
                                    <account
                                            jcr:primaryType="nt:unstructured"
                                            sling:resourceType="granite/ui/components/foundation/form/select"
                                            emptyText="Select"
                                            fieldLabel="Account:"
                                            name="./account"
                                            renderReadOnly="{Boolean}false"
                                            translateOptions="{Boolean}true"
                                            required="{Boolean}true">
                                        <datasource
                                            jcr:primaryType="nt:unstructured"
                                            sling:resourceType="coresecure/brightcove/accountsUI"
                                            addNone="{Boolean}true"/>
                                    </account>
                                    <playerID
                                            jcr:primaryType="nt:unstructured"
                                            sling:resourceType="granite/ui/components/foundation/form/select"
                                            fieldLabel="Player ID:"
                                            multiple="{Boolean}false"
                                            name="./playerID"/>
                                    <playerKey
                                            jcr:primaryType="nt:unstructured"
                                            sling:resourceType="granite/ui/components/coral/foundation/form/textfield"
                                            fieldLabel="Player Key"
                                            name="./playerKey"
                                            required="{Boolean}false"/>
                                </items>
                            </title>

                            <player_customization
                                    jcr:primaryType="nt:unstructured"
                                    jcr:title="Player Customization"
                                    sling:resourceType="granite/ui/components/foundation/form/fieldset">
                                <items jcr:primaryType="nt:unstructured">
                                    <playerClass
                                            jcr:primaryType="nt:unstructured"
                                            sling:resourceType="granite/ui/components/coral/foundation/form/textfield"
                                            fieldLabel="Player Class"
                                            name="./playerClass"
                                            renderReadOnly="{Boolean}true"
                                            required="{Boolean}false"/>
                                    <ignoreComponentProperties
                                            jcr:primaryType="nt:unstructured"
                                            sling:resourceType="granite/ui/components/foundation/form/checkbox"
                                            allowBulkEdit="{Boolean}true"
                                            name="./hideInNav"
                                            fieldDescription="If true, all custom Component Properties will be ignored."
                                            renderReadOnly="{Boolean}true"
                                            text="Ignore Component Settings"
                                            value="true"/>
                                </items>
                            </player_customization>
                            <fieldset_player_styles
                                    jcr:primaryType="nt:unstructured"
                                    jcr:title="Player Style"
                                    sling:resourceType="granite/ui/components/foundation/form/fieldset">
                                <items jcr:primaryType="nt:unstructured">
                                    <align
                                            jcr:primaryType="nt:unstructured"
                                            sling:resourceType="granite/ui/components/foundation/form/select"
                                            emptyText="Select"
                                            fieldDescription="When configuring an HTML5 Playlist the following rules apply: Left:  Playlist appears after the Video element. Center:  Playlist appears after the Video element. Right:  Playlist appears before the Video element. Update your CSS accordingly."
                                            fieldLabel="Player Alignment:"
                                            name="./align"
                                            renderReadOnly="{Boolean}false"
                                            translateOptions="{Boolean}true"
                                            required="{Boolean}true">
                                        <items
                                                jcr:primaryType="nt:unstructured">
                                            <left
                                                    jcr:primaryType="nt:unstructured"
                                                    text="Left"
                                                    value="left"/>
                                            <center
                                                    jcr:primaryType="nt:unstructured"
                                                    text="Center"
                                                    value="center"/>
                                            <right
                                                    jcr:primaryType="nt:unstructured"
                                                    text="Right"
                                                    value="right"/>
                                        </items>
                                    </align>
                                    <size
                                            jcr:primaryType="nt:unstructured"
                                            sling:resourceType="cq/gui/components/authoring/dialog/sizefield"
                                            fieldLabel="Size (px)">
                                        <width
                                                jcr:primaryType="nt:unstructured"
                                                sling:resourceType="granite/ui/components/foundation/form/numberfield"
                                                emptyText="Width"
                                                name="./width">
                                        </width>
                                        <height
                                                jcr:primaryType="nt:unstructured"
                                                sling:resourceType="granite/ui/components/foundation/form/numberfield"
                                                emptyText="Height"
                                                name="./height">
                                        </height>
                                    </size>
                                </items>
                            </fieldset_player_styles>
                            <fieldset_misc
                                    jcr:primaryType="nt:unstructured"
                                    jcr:title="Miscellaneous Settings"
                                    sling:resourceType="granite/ui/components/foundation/form/fieldset">
                                <items jcr:primaryType="nt:unstructured">
                                    <data_embedded
                                            jcr:primaryType="nt:unstructured"
                                            sling:resourceType="granite/ui/components/coral/foundation/form/textfield"
                                            fieldLabel="Embed Code"
                                            name="./data_embedded"
                                            renderReadOnly="{Boolean}true"
                                            required="{Boolean}false"/>

                                </items>
                            </fieldset_misc>
                        </items>
                    </brightcove>
                </items>
            </tabs>
        </items>
    </content>
</jcr:root>