<?xml version="1.0" encoding="UTF-8"?>
<jcr:root xmlns:cq="http://www.day.com/jcr/cq/1.0" xmlns:jcr="http://www.jcp.org/jcr/1.0"
    jcr:primaryType="cq:Panel"
    title="Player Customization">
    <items jcr:primaryType="cq:WidgetCollection">
        <fieldset-inheritance
            jcr:primaryType="cq:Widget"
            collapsed="{Boolean}false"
            collapsible="{Boolean}true"
            title="Inheritance"
            xtype="dialogfieldset">
            <items jcr:primaryType="cq:WidgetCollection">
                <playerClass
                    jcr:primaryType="cq:Widget"
                    fieldDescription="Add an optional CSS class to all instances of this player."
                    fieldLabel="Player Class"
                    name="./playerClass"
                    xtype="textfield"/>
                <ignoreComponentProperties
                    jcr:primaryType="cq:Widget"
                    fieldDescription="If true, all custom Component Properties will be ignored."
                    fieldLabel="Ignore Component Settings"
                    inputValue="{Boolean}true"
                    name="./ignoreComponentProperties"
                    type="checkbox"
                    xtype="selection"/>
            </items>
        </fieldset-inheritance>
        <fieldset-player-styles
            jcr:primaryType="cq:Widget"
            path="/apps/brightcove/components/shared/dialog/fieldset_player_styles.infinity.json"
            xtype="cqinclude"/>
        <fieldset-misc
            jcr:primaryType="cq:Widget"
            collapsed="{Boolean}true"
            collapsible="{Boolean}true"
            title="Miscellaneous Settings"
            xtype="dialogfieldset">
            <items jcr:primaryType="cq:WidgetCollection">
                <embed
                    jcr:primaryType="cq:Widget"
                    fieldDescription="Consult Brightcove Documentation for more info."
                    fieldLabel="Embed Code"
                    fieldSubLabel="If blank, &quot;default&quot; will be used."
                    name="./data_embedded"
                    xtype="textfield"/>
            </items>
        </fieldset-misc>
    </items>
</jcr:root>
