{
	"_type": "export",
	"__export_format": 3,
	"__export_date": "2017-11-20T19:13:57.669Z",
	"__export_source": "insomnia.desktop.app:v5.11.7",
	"resources": [
		{
			"_id": "wrk_f260e48de06143b1b047a1ecbcf16493",
			"parentId": null,
			"modified": 1511204667803,
			"created": 1511204009249,
			"name": "Quick Start: Create Live Event with the Live API",
			"description": "",
			"_type": "workspace"
		},
		{
			"_id": "env_68ccdf4e528348eea4e9ab81d4e2ae4e",
			"parentId": "wrk_f260e48de06143b1b047a1ecbcf16493",
			"modified": 1511204786794,
			"created": 1511204009264,
			"name": "Base Environment",
			"data": {
				"account_id": "YOUR_ACCOUNT_ID_HERE",
				"api_key": "YOUR_LIVE_API_KEY_HERE",
				"client_id": "YOUE_CMS_API_CLIENT_ID_HERE",
				"client_secret": "YOUE_CMS_API_CLIENT_SECRET_HERE",
				"video_name": "SOME_NAME_FOR_YOUR_VIDEO",
				"video_id": "VIDEO_ID_FROM_THE_RESPONSE_TO_THE_CREATE_VIDEO_REQUEST",
				"playback_url": "PLAYBACK_URL_FROM_CREATE_LIVE_JOB_RESPONSE",
				"access_token_url": "https://oauth.brightcove.com/v4/access_token"
			},
			"color": null,
			"isPrivate": false,
			"_type": "environment"
		},
		{
			"_id": "jar_e9ebdef0a8994924b4fd3459698331ad",
			"parentId": "wrk_f260e48de06143b1b047a1ecbcf16493",
			"modified": 1511204009253,
			"created": 1511204009253,
			"name": "Default Jar",
			"cookies": [],
			"_type": "cookie_jar"
		},
		{
			"_id": "fld_32426e91f49c4ceeb123306e8fdeb051",
			"parentId": "wrk_f260e48de06143b1b047a1ecbcf16493",
			"modified": 1511204869287,
			"created": 1511204869287,
			"name": "Quick Start: Creating Live Event",
			"description": "",
			"environment": {},
			"metaSortKey": -1511204869287,
			"_type": "request_group"
		},
		{
			"_id": "env_6a6b5757fa084d8fa1f5c84adb5f6d77",
			"parentId": "env_68ccdf4e528348eea4e9ab81d4e2ae4e",
			"modified": 1511204825095,
			"created": 1511204802452,
			"name": "Quick Start: Creating Live Event",
			"data": {
				"account_id": "YOUR_ACCOUNT_ID_HERE",
				"api_key": "YOUR_LIVE_API_KEY_HERE",
				"client_id": "YOUE_CMS_API_CLIENT_ID_HERE",
				"client_secret": "YOUE_CMS_API_CLIENT_SECRET_HERE",
				"video_name": "SOME_NAME_FOR_YOUR_VIDEO",
				"video_id": "VIDEO_ID_FROM_THE_RESPONSE_TO_THE_CREATE_VIDEO_REQUEST",
				"playback_url": "PLAYBACK_URL_FROM_CREATE_LIVE_JOB_RESPONSE",
				"access_token_url": "https://oauth.brightcove.com/v4/access_token"
			},
			"color": null,
			"isPrivate": false,
			"_type": "environment"
		},
		{
			"_id": "req_50e16e4f05f349eb98a011720b5e8409",
			"parentId": "fld_32426e91f49c4ceeb123306e8fdeb051",
			"modified": 1511205204517,
			"created": 1511204900568,
			"url": "https://api.bcovlive.io/v1/jobs",
			"name": "Create Live Job",
			"description": "",
			"method": "POST",
			"body": {
				"mimeType": "application/json",
				"text": "{\n\t\"live_stream\": true,\n\t\"region\": \"us-west-2\",\n\t\"reconnect_time\": 1800,\n\t\"live_sliding_window_duration\": 57600,\n\t\"outputs\": [\n\t\t{\n\t\t\t\"label\": \"hls720p\",\n\t\t\t\"live_stream\": true,\n\t\t\t\"width\": 1280,\n\t\t\t\"height\": 720,\n\t\t\t\"video_codec\": \"h264\",\n\t\t\t\"h264_profile\": \"high\",\n\t\t\t\"video_bitrate\": 2100,\n\t\t\t\"segment_seconds\": 4,\n\t\t\t\"keyframe_interval\": 60\n\t\t},\n\t\t{\n\t\t\t\"label\": \"hls540p\",\n\t\t\t\"live_stream\": true,\n\t\t\t\"width\": 960,\n\t\t\t\"height\": 540,\n\t\t\t\"video_codec\": \"h264\",\n\t\t\t\"h264_profile\": \"main\",\n\t\t\t\"video_bitrate\": 1500,\n\t\t\t\"segment_seconds\": 4,\n\t\t\t\"keyframe_interval\": 60\n\t\t},\n\t\t{\n\t\t\t\"label\": \"hls360p\",\n\t\t\t\"live_stream\": true,\n\t\t\t\"width\": 640,\n\t\t\t\"height\": 360,\n\t\t\t\"video_codec\": \"h264\",\n\t\t\t\"h264_profile\": \"main\",\n\t\t\t\"video_bitrate\": 800,\n\t\t\t\"segment_seconds\": 4,\n\t\t\t\"keyframe_interval\": 60\n\t\t}\n\t]\n}"
			},
			"parameters": [],
			"headers": [
				{
					"name": "Content-Type",
					"value": "application/json",
					"id": "pair_0165c3669c7647c0949da882fc466f92"
				},
				{
					"name": "X-API-KEY",
					"value": "{{ api_key  }}",
					"id": "pair_83e1ecb97caa498e9c98514851179077"
				}
			],
			"authentication": {},
			"metaSortKey": -1511205136188,
			"settingStoreCookies": true,
			"settingSendCookies": true,
			"settingDisableRenderRequestBody": false,
			"settingEncodeUrl": true,
			"_type": "request"
		},
		{
			"_id": "req_8c104e2ba2f94caa97a1905289b5f26d",
			"parentId": "fld_32426e91f49c4ceeb123306e8fdeb051",
			"modified": 1511205207611,
			"created": 1511205000952,
			"url": "https://cms.api.brightcove.com/v1/accounts/{{ account_id  }}/videos",
			"name": "Create Video",
			"description": "",
			"method": "POST",
			"body": {
				"mimeType": "application/json",
				"text": "{\n\t\"name\": \"{{ video_name  }}\"\n}"
			},
			"parameters": [],
			"headers": [
				{
					"name": "Content-Type",
					"value": "application/json",
					"id": "pair_13fa88f795684af9a665d8331e60ab2c"
				}
			],
			"authentication": {
				"type": "oauth2",
				"grantType": "client_credentials",
				"accessTokenUrl": "{{ access_token_url  }}",
				"clientId": "{{ client_id  }}",
				"clientSecret": "{{ client_secret  }}"
			},
			"metaSortKey": -1511205136163,
			"settingStoreCookies": true,
			"settingSendCookies": true,
			"settingDisableRenderRequestBody": false,
			"settingEncodeUrl": true,
			"_type": "request"
		},
		{
			"_id": "req_8f664bc55d064a85858d2b416fdb15bc",
			"parentId": "fld_32426e91f49c4ceeb123306e8fdeb051",
			"modified": 1511205200711,
			"created": 1511205136138,
			"url": "",
			"name": "Add Remote HLS Manifest",
			"description": "",
			"method": "POST",
			"body": {
				"mimeType": "application/json",
				"text": "{\n\t\"remote_url\": \"{{ playback_url  }}\"\n}"
			},
			"parameters": [],
			"headers": [
				{
					"name": "Content-Type",
					"value": "application/json",
					"id": "pair_f78f6b9cddae482da3fb785f70309f62"
				}
			],
			"authentication": {
				"type": "oauth2",
				"grantType": "client_credentials",
				"accessTokenUrl": "{{ access_token_url  }}",
				"clientId": "{{ client_id  }}",
				"clientSecret": "{{ client_secret  }}"
			},
			"metaSortKey": -1511205136138,
			"settingStoreCookies": true,
			"settingSendCookies": true,
			"settingDisableRenderRequestBody": false,
			"settingEncodeUrl": true,
			"_type": "request"
		}
	]
}